date,device,sex,home_visits,searches,payments,confirmations,search_conversion_rate,payment_conversion_rate,confirmation_conversion_rate,overall_conversion_rate,home_to_search_dropoff,search_to_payment_dropoff,payment_to_confirmation_dropoff,min_date,max_date
2015-01-01,Desktop,Female,229,121,24,0,52.84,19.83,0.0,0.0,108,97,24,2015-01-01,2015-04-30
2015-01-01,Desktop,Male,264,135,23,1,51.14,17.04,4.35,0.38,129,112,22,2015-01-01,2015-04-30
2015-01-01,Mobile,Female,122,99,21,3,81.15,21.21,14.29,2.46,23,78,18,2015-01-01,2015-04-30
2015-01-01,Mobile,Male,97,81,8,2,83.51,9.88,25.0,2.06,16,73,6,2015-01-01,2015-04-30
2015-01-02,Desktop,Female,236,136,20,1,57.63,14.71,5.0,0.42,100,116,19,2015-01-01,2015-04-30
2015-01-02,Desktop,Male,248,125,24,0,50.4,19.2,0.0,0.0,123,101,24,2015-01-01,2015-04-30
2015-01-02,Mobile,Female,119,93,21,1,78.15,22.58,4.76,0.84,26,72,20,2015-01-01,2015-04-30
2015-01-02,Mobile,Male,118,93,19,3,78.81,20.43,15.79,2.54,25,74,16,2015-01-01,2015-04-30
2015-01-03,Desktop,Female,248,102,9,1,41.13,8.82,11.11,0.4,146,93,8,2015-01-01,2015-04-30
2015-01-03,Desktop,Male,259,120,13,2,46.33,10.83,15.38,0.77,139,107,11,2015-01-01,2015-04-30
2015-01-03,Mobile,Female,127,98,17,2,77.17,17.35,11.76,1.57,29,81,15,2015-01-01,2015-04-30
2015-01-03,Mobile,Male,126,102,25,2,80.95,24.51,8.0,1.59,24,77,23,2015-01-01,2015-04-30
2015-01-04,Desktop,Female,237,124,21,1,52.32,16.94,4.76,0.42,113,103,20,2015-01-01,2015-04-30
2015-01-04,Desktop,Male,237,125,17,0,52.74,13.6,0.0,0.0,112,108,17,2015-01-01,2015-04-30
2015-01-04,Mobile,Female,124,103,19,1,83.06,18.45,5.26,0.81,21,84,18,2015-01-01,2015-04-30
2015-01-04,Mobile,Male,115,95,19,5,82.61,20.0,26.32,4.35,20,76,14,2015-01-01,2015-04-30
2015-01-05,Desktop,Female,227,118,17,2,51.98,14.41,11.76,0.88,109,101,15,2015-01-01,2015-04-30
2015-01-05,Desktop,Male,256,131,20,1,51.17,15.27,5.0,0.39,125,111,19,2015-01-01,2015-04-30
2015-01-05,Mobile,Female,133,104,27,4,78.2,25.96,14.81,3.01,29,77,23,2015-01-01,2015-04-30
2015-01-05,Mobile,Male,138,109,24,4,78.99,22.02,16.67,2.9,29,85,20,2015-01-01,2015-04-30
2015-01-06,Desktop,Female,248,135,16,0,54.44,11.85,0.0,0.0,113,119,16,2015-01-01,2015-04-30
2015-01-06,Desktop,Male,243,112,18,1,46.09,16.07,5.56,0.41,131,94,17,2015-01-01,2015-04-30
2015-01-06,Mobile,Female,129,101,19,6,78.29,18.81,31.58,4.65,28,82,13,2015-01-01,2015-04-30
2015-01-06,Mobile,Male,122,97,14,2,79.51,14.43,14.29,1.64,25,83,12,2015-01-01,2015-04-30
2015-01-07,Desktop,Female,249,126,16,0,50.6,12.7,0.0,0.0,123,110,16,2015-01-01,2015-04-30
2015-01-07,Desktop,Male,240,117,11,2,48.75,9.4,18.18,0.83,123,106,9,2015-01-01,2015-04-30
2015-01-07,Mobile,Female,90,72,17,2,80.0,23.61,11.76,2.22,18,55,15,2015-01-01,2015-04-30
2015-01-07,Mobile,Male,115,89,11,0,77.39,12.36,0.0,0.0,26,78,11,2015-01-01,2015-04-30
2015-01-08,Desktop,Female,244,110,13,2,45.08,11.82,15.38,0.82,134,97,11,2015-01-01,2015-04-30
2015-01-08,Desktop,Male,235,106,18,0,45.11,16.98,0.0,0.0,129,88,18,2015-01-01,2015-04-30
2015-01-08,Mobile,Female,117,95,11,1,81.2,11.58,9.09,0.85,22,84,10,2015-01-01,2015-04-30
2015-01-08,Mobile,Male,118,98,22,2,83.05,22.45,9.09,1.69,20,76,20,2015-01-01,2015-04-30
2015-01-09,Desktop,Female,233,107,17,1,45.92,15.89,5.88,0.43,126,90,16,2015-01-01,2015-04-30
2015-01-09,Desktop,Male,237,111,20,0,46.84,18.02,0.0,0.0,126,91,20,2015-01-01,2015-04-30
2015-01-09,Mobile,Female,136,107,23,3,78.68,21.5,13.04,2.21,29,84,20,2015-01-01,2015-04-30
2015-01-09,Mobile,Male,107,81,16,0,75.7,19.75,0.0,0.0,26,65,16,2015-01-01,2015-04-30
2015-01-10,Desktop,Female,236,128,22,1,54.24,17.19,4.55,0.42,108,106,21,2015-01-01,2015-04-30
2015-01-10,Desktop,Male,243,130,22,2,53.5,16.92,9.09,0.82,113,108,20,2015-01-01,2015-04-30
2015-01-10,Mobile,Female,133,105,20,2,78.95,19.05,10.0,1.5,28,85,18,2015-01-01,2015-04-30
2015-01-10,Mobile,Male,118,86,13,2,72.88,15.12,15.38,1.69,32,73,11,2015-01-01,2015-04-30
2015-01-11,Desktop,Female,252,134,17,1,53.17,12.69,5.88,0.4,118,117,16,2015-01-01,2015-04-30
2015-01-11,Desktop,Male,235,119,17,1,50.64,14.29,5.88,0.43,116,102,16,2015-01-01,2015-04-30
2015-01-11,Mobile,Female,128,100,22,5,78.13,22.0,22.73,3.91,28,78,17,2015-01-01,2015-04-30
2015-01-11,Mobile,Male,125,93,23,0,74.4,24.73,0.0,0.0,32,70,23,2015-01-01,2015-04-30
2015-01-12,Desktop,Female,266,140,26,2,52.63,18.57,7.69,0.75,126,114,24,2015-01-01,2015-04-30
2015-01-12,Desktop,Male,233,115,16,0,49.36,13.91,0.0,0.0,118,99,16,2015-01-01,2015-04-30
2015-01-12,Mobile,Female,119,92,17,2,77.31,18.48,11.76,1.68,27,75,15,2015-01-01,2015-04-30
2015-01-12,Mobile,Male,123,101,16,2,82.11,15.84,12.5,1.63,22,85,14,2015-01-01,2015-04-30
2015-01-13,Desktop,Female,229,123,16,0,53.71,13.01,0.0,0.0,106,107,16,2015-01-01,2015-04-30
2015-01-13,Desktop,Male,255,126,21,1,49.41,16.67,4.76,0.39,129,105,20,2015-01-01,2015-04-30
2015-01-13,Mobile,Female,108,85,18,0,78.7,21.18,0.0,0.0,23,67,18,2015-01-01,2015-04-30
2015-01-13,Mobile,Male,101,87,21,0,86.14,24.14,0.0,0.0,14,66,21,2015-01-01,2015-04-30
2015-01-14,Desktop,Female,233,115,22,2,49.36,19.13,9.09,0.86,118,93,20,2015-01-01,2015-04-30
2015-01-14,Desktop,Male,245,119,23,0,48.57,19.33,0.0,0.0,126,96,23,2015-01-01,2015-04-30
2015-01-14,Mobile,Female,149,116,15,4,77.85,12.93,26.67,2.68,33,101,11,2015-01-01,2015-04-30
2015-01-14,Mobile,Male,131,104,18,0,79.39,17.31,0.0,0.0,27,86,18,2015-01-01,2015-04-30
2015-01-15,Desktop,Female,260,119,17,1,45.77,14.29,5.88,0.38,141,102,16,2015-01-01,2015-04-30
2015-01-15,Desktop,Male,230,114,18,0,49.57,15.79,0.0,0.0,116,96,18,2015-01-01,2015-04-30
2015-01-15,Mobile,Female,151,123,25,3,81.46,20.33,12.0,1.99,28,98,22,2015-01-01,2015-04-30
2015-01-15,Mobile,Male,94,79,14,3,84.04,17.72,21.43,3.19,15,65,11,2015-01-01,2015-04-30
2015-01-16,Desktop,Female,236,126,22,1,53.39,17.46,4.55,0.42,110,104,21,2015-01-01,2015-04-30
2015-01-16,Desktop,Male,228,93,19,1,40.79,20.43,5.26,0.44,135,74,18,2015-01-01,2015-04-30
2015-01-16,Mobile,Female,121,98,16,2,80.99,16.33,12.5,1.65,23,82,14,2015-01-01,2015-04-30
2015-01-16,Mobile,Male,138,111,24,1,80.43,21.62,4.17,0.72,27,87,23,2015-01-01,2015-04-30
2015-01-17,Desktop,Female,235,121,18,2,51.49,14.88,11.11,0.85,114,103,16,2015-01-01,2015-04-30
2015-01-17,Desktop,Male,232,120,20,0,51.72,16.67,0.0,0.0,112,100,20,2015-01-01,2015-04-30
2015-01-17,Mobile,Female,131,104,25,3,79.39,24.04,12.0,2.29,27,79,22,2015-01-01,2015-04-30
2015-01-17,Mobile,Male,121,97,14,0,80.17,14.43,0.0,0.0,24,83,14,2015-01-01,2015-04-30
2015-01-18,Desktop,Female,220,129,20,0,58.64,15.5,0.0,0.0,91,109,20,2015-01-01,2015-04-30
2015-01-18,Desktop,Male,219,123,16,1,56.16,13.01,6.25,0.46,96,107,15,2015-01-01,2015-04-30
2015-01-18,Mobile,Female,108,78,10,2,72.22,12.82,20.0,1.85,30,68,8,2015-01-01,2015-04-30
2015-01-18,Mobile,Male,121,92,16,2,76.03,17.39,12.5,1.65,29,76,14,2015-01-01,2015-04-30
2015-01-19,Desktop,Female,266,130,31,1,48.87,23.85,3.23,0.38,136,99,30,2015-01-01,2015-04-30
2015-01-19,Desktop,Male,254,124,24,1,48.82,19.35,4.17,0.39,130,100,23,2015-01-01,2015-04-30
2015-01-19,Mobile,Female,128,98,22,3,76.56,22.45,13.64,2.34,30,76,19,2015-01-01,2015-04-30
2015-01-19,Mobile,Male,140,111,28,5,79.29,25.23,17.86,3.57,29,83,23,2015-01-01,2015-04-30
2015-01-20,Desktop,Female,244,125,25,1,51.23,20.0,4.0,0.41,119,100,24,2015-01-01,2015-04-30
2015-01-20,Desktop,Male,237,114,18,2,48.1,15.79,11.11,0.84,123,96,16,2015-01-01,2015-04-30
2015-01-20,Mobile,Female,124,95,21,3,76.61,22.11,14.29,2.42,29,74,18,2015-01-01,2015-04-30
2015-01-20,Mobile,Male,110,87,14,1,79.09,16.09,7.14,0.91,23,73,13,2015-01-01,2015-04-30
2015-01-21,Desktop,Female,252,117,17,0,46.43,14.53,0.0,0.0,135,100,17,2015-01-01,2015-04-30
2015-01-21,Desktop,Male,248,121,26,4,48.79,21.49,15.38,1.61,127,95,22,2015-01-01,2015-04-30
2015-01-21,Mobile,Female,132,103,25,2,78.03,24.27,8.0,1.52,29,78,23,2015-01-01,2015-04-30
2015-01-21,Mobile,Male,128,104,19,1,81.25,18.27,5.26,0.78,24,85,18,2015-01-01,2015-04-30
2015-01-22,Desktop,Female,245,122,16,0,49.8,13.11,0.0,0.0,123,106,16,2015-01-01,2015-04-30
2015-01-22,Desktop,Male,251,120,26,0,47.81,21.67,0.0,0.0,131,94,26,2015-01-01,2015-04-30
2015-01-22,Mobile,Female,127,99,20,2,77.95,20.2,10.0,1.57,28,79,18,2015-01-01,2015-04-30
2015-01-22,Mobile,Male,114,89,17,3,78.07,19.1,17.65,2.63,25,72,14,2015-01-01,2015-04-30
2015-01-23,Desktop,Female,239,127,24,2,53.14,18.9,8.33,0.84,112,103,22,2015-01-01,2015-04-30
2015-01-23,Desktop,Male,264,126,21,2,47.73,16.67,9.52,0.76,138,105,19,2015-01-01,2015-04-30
2015-01-23,Mobile,Female,107,85,16,3,79.44,18.82,18.75,2.8,22,69,13,2015-01-01,2015-04-30
2015-01-23,Mobile,Male,110,91,18,2,82.73,19.78,11.11,1.82,19,73,16,2015-01-01,2015-04-30
2015-01-24,Desktop,Female,228,101,17,3,44.3,16.83,17.65,1.32,127,84,14,2015-01-01,2015-04-30
2015-01-24,Desktop,Male,233,113,22,0,48.5,19.47,0.0,0.0,120,91,22,2015-01-01,2015-04-30
2015-01-24,Mobile,Female,143,115,22,0,80.42,19.13,0.0,0.0,28,93,22,2015-01-01,2015-04-30
2015-01-24,Mobile,Male,115,98,13,0,85.22,13.27,0.0,0.0,17,85,13,2015-01-01,2015-04-30
2015-01-25,Desktop,Female,267,137,22,1,51.31,16.06,4.55,0.37,130,115,21,2015-01-01,2015-04-30
2015-01-25,Desktop,Male,252,128,24,2,50.79,18.75,8.33,0.79,124,104,22,2015-01-01,2015-04-30
2015-01-25,Mobile,Female,142,109,28,4,76.76,25.69,14.29,2.82,33,81,24,2015-01-01,2015-04-30
2015-01-25,Mobile,Male,121,99,20,1,81.82,20.2,5.0,0.83,22,79,19,2015-01-01,2015-04-30
2015-01-26,Desktop,Female,222,122,27,2,54.95,22.13,7.41,0.9,100,95,25,2015-01-01,2015-04-30
2015-01-26,Desktop,Male,253,109,13,0,43.08,11.93,0.0,0.0,144,96,13,2015-01-01,2015-04-30
2015-01-26,Mobile,Female,110,90,21,2,81.82,23.33,9.52,1.82,20,69,19,2015-01-01,2015-04-30
2015-01-26,Mobile,Male,101,81,15,2,80.2,18.52,13.33,1.98,20,66,13,2015-01-01,2015-04-30
2015-01-27,Desktop,Female,258,132,17,0,51.16,12.88,0.0,0.0,126,115,17,2015-01-01,2015-04-30
2015-01-27,Desktop,Male,235,111,11,0,47.23,9.91,0.0,0.0,124,100,11,2015-01-01,2015-04-30
2015-01-27,Mobile,Female,144,117,31,3,81.25,26.5,9.68,2.08,27,86,28,2015-01-01,2015-04-30
2015-01-27,Mobile,Male,124,93,18,1,75.0,19.35,5.56,0.81,31,75,17,2015-01-01,2015-04-30
2015-01-28,Desktop,Female,246,136,23,1,55.28,16.91,4.35,0.41,110,113,22,2015-01-01,2015-04-30
2015-01-28,Desktop,Male,233,117,18,0,50.21,15.38,0.0,0.0,116,99,18,2015-01-01,2015-04-30
2015-01-28,Mobile,Female,128,100,23,5,78.13,23.0,21.74,3.91,28,77,18,2015-01-01,2015-04-30
2015-01-28,Mobile,Male,118,95,22,2,80.51,23.16,9.09,1.69,23,73,20,2015-01-01,2015-04-30
2015-01-29,Desktop,Female,264,144,29,2,54.55,20.14,6.9,0.76,120,115,27,2015-01-01,2015-04-30
2015-01-29,Desktop,Male,258,127,19,2,49.22,14.96,10.53,0.78,131,108,17,2015-01-01,2015-04-30
2015-01-29,Mobile,Female,115,95,17,0,82.61,17.89,0.0,0.0,20,78,17,2015-01-01,2015-04-30
2015-01-29,Mobile,Male,122,105,14,1,86.07,13.33,7.14,0.82,17,91,13,2015-01-01,2015-04-30
2015-01-30,Desktop,Female,244,114,16,1,46.72,14.04,6.25,0.41,130,98,15,2015-01-01,2015-04-30
2015-01-30,Desktop,Male,232,118,21,0,50.86,17.8,0.0,0.0,114,97,21,2015-01-01,2015-04-30
2015-01-30,Mobile,Female,113,93,12,2,82.3,12.9,16.67,1.77,20,81,10,2015-01-01,2015-04-30
2015-01-30,Mobile,Male,108,92,15,1,85.19,16.3,6.67,0.93,16,77,14,2015-01-01,2015-04-30
2015-01-31,Desktop,Female,253,130,28,1,51.38,21.54,3.57,0.4,123,102,27,2015-01-01,2015-04-30
2015-01-31,Desktop,Male,215,109,17,1,50.7,15.6,5.88,0.47,106,92,16,2015-01-01,2015-04-30
2015-01-31,Mobile,Female,110,90,17,1,81.82,18.89,5.88,0.91,20,73,16,2015-01-01,2015-04-30
2015-01-31,Mobile,Male,143,123,21,3,86.01,17.07,14.29,2.1,20,102,18,2015-01-01,2015-04-30
2015-02-01,Desktop,Female,281,147,20,1,52.31,13.61,5.0,0.36,134,127,19,2015-01-01,2015-04-30
2015-02-01,Desktop,Male,261,140,26,0,53.64,18.57,0.0,0.0,121,114,26,2015-01-01,2015-04-30
2015-02-01,Mobile,Female,145,114,24,5,78.62,21.05,20.83,3.45,31,90,19,2015-01-01,2015-04-30
2015-02-01,Mobile,Male,141,118,23,1,83.69,19.49,4.35,0.71,23,95,22,2015-01-01,2015-04-30
2015-02-02,Desktop,Female,277,140,26,2,50.54,18.57,7.69,0.72,137,114,24,2015-01-01,2015-04-30
2015-02-02,Desktop,Male,279,138,21,0,49.46,15.22,0.0,0.0,141,117,21,2015-01-01,2015-04-30
2015-02-02,Mobile,Female,150,124,24,3,82.67,19.35,12.5,2.0,26,100,21,2015-01-01,2015-04-30
2015-02-02,Mobile,Male,139,109,17,2,78.42,15.6,11.76,1.44,30,92,15,2015-01-01,2015-04-30
2015-02-03,Desktop,Female,250,114,25,4,45.6,21.93,16.0,1.6,136,89,21,2015-01-01,2015-04-30
2015-02-03,Desktop,Male,283,135,25,1,47.7,18.52,4.0,0.35,148,110,24,2015-01-01,2015-04-30
2015-02-03,Mobile,Female,126,101,24,1,80.16,23.76,4.17,0.79,25,77,23,2015-01-01,2015-04-30
2015-02-03,Mobile,Male,143,107,19,2,74.83,17.76,10.53,1.4,36,88,17,2015-01-01,2015-04-30
2015-02-04,Desktop,Female,237,121,17,0,51.05,14.05,0.0,0.0,116,104,17,2015-01-01,2015-04-30
2015-02-04,Desktop,Male,285,150,24,1,52.63,16.0,4.17,0.35,135,126,23,2015-01-01,2015-04-30
2015-02-04,Mobile,Female,123,100,18,1,81.3,18.0,5.56,0.81,23,82,17,2015-01-01,2015-04-30
2015-02-04,Mobile,Male,140,115,20,2,82.14,17.39,10.0,1.43,25,95,18,2015-01-01,2015-04-30
2015-02-05,Desktop,Female,264,129,26,2,48.86,20.16,7.69,0.76,135,103,24,2015-01-01,2015-04-30
2015-02-05,Desktop,Male,286,145,26,2,50.7,17.93,7.69,0.7,141,119,24,2015-01-01,2015-04-30
2015-02-05,Mobile,Female,135,110,22,1,81.48,20.0,4.55,0.74,25,88,21,2015-01-01,2015-04-30
2015-02-05,Mobile,Male,134,109,17,1,81.34,15.6,5.88,0.75,25,92,16,2015-01-01,2015-04-30
2015-02-06,Desktop,Female,273,143,21,0,52.38,14.69,0.0,0.0,130,122,21,2015-01-01,2015-04-30
2015-02-06,Desktop,Male,297,161,26,1,54.21,16.15,3.85,0.34,136,135,25,2015-01-01,2015-04-30
2015-02-06,Mobile,Female,122,99,14,3,81.15,14.14,21.43,2.46,23,85,11,2015-01-01,2015-04-30
2015-02-06,Mobile,Male,107,89,12,2,83.18,13.48,16.67,1.87,18,77,10,2015-01-01,2015-04-30
2015-02-07,Desktop,Female,289,150,20,1,51.9,13.33,5.0,0.35,139,130,19,2015-01-01,2015-04-30
2015-02-07,Desktop,Male,287,137,20,3,47.74,14.6,15.0,1.05,150,117,17,2015-01-01,2015-04-30
2015-02-07,Mobile,Female,138,118,22,5,85.51,18.64,22.73,3.62,20,96,17,2015-01-01,2015-04-30
2015-02-07,Mobile,Male,132,101,16,0,76.52,15.84,0.0,0.0,31,85,16,2015-01-01,2015-04-30
2015-02-08,Desktop,Female,299,147,27,1,49.16,18.37,3.7,0.33,152,120,26,2015-01-01,2015-04-30
2015-02-08,Desktop,Male,286,150,17,0,52.45,11.33,0.0,0.0,136,133,17,2015-01-01,2015-04-30
2015-02-08,Mobile,Female,149,121,27,1,81.21,22.31,3.7,0.67,28,94,26,2015-01-01,2015-04-30
2015-02-08,Mobile,Male,143,117,29,4,81.82,24.79,13.79,2.8,26,88,25,2015-01-01,2015-04-30
2015-02-09,Desktop,Female,263,136,27,3,51.71,19.85,11.11,1.14,127,109,24,2015-01-01,2015-04-30
2015-02-09,Desktop,Male,257,124,18,1,48.25,14.52,5.56,0.39,133,106,17,2015-01-01,2015-04-30
2015-02-09,Mobile,Female,141,110,16,2,78.01,14.55,12.5,1.42,31,94,14,2015-01-01,2015-04-30
2015-02-09,Mobile,Male,142,116,33,4,81.69,28.45,12.12,2.82,26,83,29,2015-01-01,2015-04-30
2015-02-10,Desktop,Female,264,142,22,0,53.79,15.49,0.0,0.0,122,120,22,2015-01-01,2015-04-30
2015-02-10,Desktop,Male,245,125,17,0,51.02,13.6,0.0,0.0,120,108,17,2015-01-01,2015-04-30
2015-02-10,Mobile,Female,143,114,25,3,79.72,21.93,12.0,2.1,29,89,22,2015-01-01,2015-04-30
2015-02-10,Mobile,Male,130,104,18,2,80.0,17.31,11.11,1.54,26,86,16,2015-01-01,2015-04-30
2015-02-11,Desktop,Female,263,119,18,0,45.25,15.13,0.0,0.0,144,101,18,2015-01-01,2015-04-30
2015-02-11,Desktop,Male,265,137,22,1,51.7,16.06,4.55,0.38,128,115,21,2015-01-01,2015-04-30
2015-02-11,Mobile,Female,131,104,26,3,79.39,25.0,11.54,2.29,27,78,23,2015-01-01,2015-04-30
2015-02-11,Mobile,Male,123,100,11,1,81.3,11.0,9.09,0.81,23,89,10,2015-01-01,2015-04-30
2015-02-12,Desktop,Female,269,139,28,0,51.67,20.14,0.0,0.0,130,111,28,2015-01-01,2015-04-30
2015-02-12,Desktop,Male,277,143,25,2,51.62,17.48,8.0,0.72,134,118,23,2015-01-01,2015-04-30
2015-02-12,Mobile,Female,129,101,15,1,78.29,14.85,6.67,0.78,28,86,14,2015-01-01,2015-04-30
2015-02-12,Mobile,Male,127,102,19,1,80.31,18.63,5.26,0.79,25,83,18,2015-01-01,2015-04-30
2015-02-13,Desktop,Female,248,138,25,0,55.65,18.12,0.0,0.0,110,113,25,2015-01-01,2015-04-30
2015-02-13,Desktop,Male,273,126,17,0,46.15,13.49,0.0,0.0,147,109,17,2015-01-01,2015-04-30
2015-02-13,Mobile,Female,124,103,19,0,83.06,18.45,0.0,0.0,21,84,19,2015-01-01,2015-04-30
2015-02-13,Mobile,Male,141,109,20,1,77.3,18.35,5.0,0.71,32,89,19,2015-01-01,2015-04-30
2015-02-14,Desktop,Female,248,132,21,1,53.23,15.91,4.76,0.4,116,111,20,2015-01-01,2015-04-30
2015-02-14,Desktop,Male,253,125,18,1,49.41,14.4,5.56,0.4,128,107,17,2015-01-01,2015-04-30
2015-02-14,Mobile,Female,132,98,19,3,74.24,19.39,15.79,2.27,34,79,16,2015-01-01,2015-04-30
2015-02-14,Mobile,Male,142,101,20,5,71.13,19.8,25.0,3.52,41,81,15,2015-01-01,2015-04-30
2015-02-15,Desktop,Female,288,142,22,0,49.31,15.49,0.0,0.0,146,120,22,2015-01-01,2015-04-30
2015-02-15,Desktop,Male,281,148,19,0,52.67,12.84,0.0,0.0,133,129,19,2015-01-01,2015-04-30
2015-02-15,Mobile,Female,134,109,28,0,81.34,25.69,0.0,0.0,25,81,28,2015-01-01,2015-04-30
2015-02-15,Mobile,Male,132,107,24,4,81.06,22.43,16.67,3.03,25,83,20,2015-01-01,2015-04-30
2015-02-16,Desktop,Female,247,121,17,1,48.99,14.05,5.88,0.4,126,104,16,2015-01-01,2015-04-30
2015-02-16,Desktop,Male,269,129,26,0,47.96,20.16,0.0,0.0,140,103,26,2015-01-01,2015-04-30
2015-02-16,Mobile,Female,125,99,23,5,79.2,23.23,21.74,4.0,26,76,18,2015-01-01,2015-04-30
2015-02-16,Mobile,Male,130,107,20,1,82.31,18.69,5.0,0.77,23,87,19,2015-01-01,2015-04-30
2015-02-17,Desktop,Female,282,151,29,1,53.55,19.21,3.45,0.35,131,122,28,2015-01-01,2015-04-30
2015-02-17,Desktop,Male,262,131,19,3,50.0,14.5,15.79,1.15,131,112,16,2015-01-01,2015-04-30
2015-02-17,Mobile,Female,121,94,26,3,77.69,27.66,11.54,2.48,27,68,23,2015-01-01,2015-04-30
2015-02-17,Mobile,Male,139,115,22,3,82.73,19.13,13.64,2.16,24,93,19,2015-01-01,2015-04-30
2015-02-18,Desktop,Female,264,148,28,0,56.06,18.92,0.0,0.0,116,120,28,2015-01-01,2015-04-30
2015-02-18,Desktop,Male,260,124,23,0,47.69,18.55,0.0,0.0,136,101,23,2015-01-01,2015-04-30
2015-02-18,Mobile,Female,136,107,20,2,78.68,18.69,10.0,1.47,29,87,18,2015-01-01,2015-04-30
2015-02-18,Mobile,Male,134,100,21,1,74.63,21.0,4.76,0.75,34,79,20,2015-01-01,2015-04-30
2015-02-19,Desktop,Female,270,135,23,0,50.0,17.04,0.0,0.0,135,112,23,2015-01-01,2015-04-30
2015-02-19,Desktop,Male,220,108,19,3,49.09,17.59,15.79,1.36,112,89,16,2015-01-01,2015-04-30
2015-02-19,Mobile,Female,130,103,22,2,79.23,21.36,9.09,1.54,27,81,20,2015-01-01,2015-04-30
2015-02-19,Mobile,Male,147,117,32,2,79.59,27.35,6.25,1.36,30,85,30,2015-01-01,2015-04-30
2015-02-20,Desktop,Female,278,139,20,0,50.0,14.39,0.0,0.0,139,119,20,2015-01-01,2015-04-30
2015-02-20,Desktop,Male,258,135,21,1,52.33,15.56,4.76,0.39,123,114,20,2015-01-01,2015-04-30
2015-02-20,Mobile,Female,136,103,20,0,75.74,19.42,0.0,0.0,33,83,20,2015-01-01,2015-04-30
2015-02-20,Mobile,Male,150,121,30,2,80.67,24.79,6.67,1.33,29,91,28,2015-01-01,2015-04-30
2015-02-21,Desktop,Female,243,119,14,1,48.97,11.76,7.14,0.41,124,105,13,2015-01-01,2015-04-30
2015-02-21,Desktop,Male,307,163,21,3,53.09,12.88,14.29,0.98,144,142,18,2015-01-01,2015-04-30
2015-02-21,Mobile,Female,125,108,22,1,86.4,20.37,4.55,0.8,17,86,21,2015-01-01,2015-04-30
2015-02-21,Mobile,Male,154,123,23,2,79.87,18.7,8.7,1.3,31,100,21,2015-01-01,2015-04-30
2015-02-22,Desktop,Female,258,133,13,1,51.55,9.77,7.69,0.39,125,120,12,2015-01-01,2015-04-30
2015-02-22,Desktop,Male,291,144,18,1,49.48,12.5,5.56,0.34,147,126,17,2015-01-01,2015-04-30
2015-02-22,Mobile,Female,142,120,25,2,84.51,20.83,8.0,1.41,22,95,23,2015-01-01,2015-04-30
2015-02-22,Mobile,Male,134,107,20,2,79.85,18.69,10.0,1.49,27,87,18,2015-01-01,2015-04-30
2015-02-23,Desktop,Female,258,138,20,2,53.49,14.49,10.0,0.78,120,118,18,2015-01-01,2015-04-30
2015-02-23,Desktop,Male,276,126,20,0,45.65,15.87,0.0,0.0,150,106,20,2015-01-01,2015-04-30
2015-02-23,Mobile,Female,148,122,22,1,82.43,18.03,4.55,0.68,26,100,21,2015-01-01,2015-04-30
2015-02-23,Mobile,Male,129,102,18,3,79.07,17.65,16.67,2.33,27,84,15,2015-01-01,2015-04-30
2015-02-24,Desktop,Female,245,132,27,3,53.88,20.45,11.11,1.22,113,105,24,2015-01-01,2015-04-30
2015-02-24,Desktop,Male,259,127,21,2,49.03,16.54,9.52,0.77,132,106,19,2015-01-01,2015-04-30
2015-02-24,Mobile,Female,136,108,29,4,79.41,26.85,13.79,2.94,28,79,25,2015-01-01,2015-04-30
2015-02-24,Mobile,Male,119,95,20,2,79.83,21.05,10.0,1.68,24,75,18,2015-01-01,2015-04-30
2015-02-25,Desktop,Female,285,152,15,0,53.33,9.87,0.0,0.0,133,137,15,2015-01-01,2015-04-30
2015-02-25,Desktop,Male,278,144,21,0,51.8,14.58,0.0,0.0,134,123,21,2015-01-01,2015-04-30
2015-02-25,Mobile,Female,144,112,21,2,77.78,18.75,9.52,1.39,32,91,19,2015-01-01,2015-04-30
2015-02-25,Mobile,Male,123,100,22,3,81.3,22.0,13.64,2.44,23,78,19,2015-01-01,2015-04-30
2015-02-26,Desktop,Female,267,125,18,1,46.82,14.4,5.56,0.37,142,107,17,2015-01-01,2015-04-30
2015-02-26,Desktop,Male,276,141,16,1,51.09,11.35,6.25,0.36,135,125,15,2015-01-01,2015-04-30
2015-02-26,Mobile,Female,125,101,28,2,80.8,27.72,7.14,1.6,24,73,26,2015-01-01,2015-04-30
2015-02-26,Mobile,Male,144,121,23,2,84.03,19.01,8.7,1.39,23,98,21,2015-01-01,2015-04-30
2015-02-27,Desktop,Female,262,119,20,1,45.42,16.81,5.0,0.38,143,99,19,2015-01-01,2015-04-30
2015-02-27,Desktop,Male,264,133,25,0,50.38,18.8,0.0,0.0,131,108,25,2015-01-01,2015-04-30
2015-02-27,Mobile,Female,133,110,20,0,82.71,18.18,0.0,0.0,23,90,20,2015-01-01,2015-04-30
2015-02-27,Mobile,Male,133,106,24,2,79.7,22.64,8.33,1.5,27,82,22,2015-01-01,2015-04-30
2015-02-28,Desktop,Female,276,149,16,0,53.99,10.74,0.0,0.0,127,133,16,2015-01-01,2015-04-30
2015-02-28,Desktop,Male,267,143,15,1,53.56,10.49,6.67,0.37,124,128,14,2015-01-01,2015-04-30
2015-02-28,Mobile,Female,128,107,29,4,83.59,27.1,13.79,3.13,21,78,25,2015-01-01,2015-04-30
2015-02-28,Mobile,Male,147,117,18,2,79.59,15.38,11.11,1.36,30,99,16,2015-01-01,2015-04-30
2015-03-01,Desktop,Female,242,123,5,0,50.83,4.07,0.0,0.0,119,118,5,2015-01-01,2015-04-30
2015-03-01,Desktop,Male,238,109,4,0,45.8,3.67,0.0,0.0,129,105,4,2015-01-01,2015-04-30
2015-03-01,Mobile,Female,118,28,5,0,23.73,17.86,0.0,0.0,90,23,5,2015-01-01,2015-04-30
2015-03-01,Mobile,Male,124,23,5,0,18.55,21.74,0.0,0.0,101,18,5,2015-01-01,2015-04-30
2015-03-02,Desktop,Female,247,108,3,1,43.72,2.78,33.33,0.4,139,105,2,2015-01-01,2015-04-30
2015-03-02,Desktop,Male,250,120,5,0,48.0,4.17,0.0,0.0,130,115,5,2015-01-01,2015-04-30
2015-03-02,Mobile,Female,138,29,5,0,21.01,17.24,0.0,0.0,109,24,5,2015-01-01,2015-04-30
2015-03-02,Mobile,Male,112,29,4,1,25.89,13.79,25.0,0.89,83,25,3,2015-01-01,2015-04-30
2015-03-03,Desktop,Female,235,124,4,1,52.77,3.23,25.0,0.43,111,120,3,2015-01-01,2015-04-30
2015-03-03,Desktop,Male,234,124,3,1,52.99,2.42,33.33,0.43,110,121,2,2015-01-01,2015-04-30
2015-03-03,Mobile,Female,126,23,5,1,18.25,21.74,20.0,0.79,103,18,4,2015-01-01,2015-04-30
2015-03-03,Mobile,Male,136,22,4,0,16.18,18.18,0.0,0.0,114,18,4,2015-01-01,2015-04-30
2015-03-04,Desktop,Female,244,117,8,1,47.95,6.84,12.5,0.41,127,109,7,2015-01-01,2015-04-30
2015-03-04,Desktop,Male,238,103,9,2,43.28,8.74,22.22,0.84,135,94,7,2015-01-01,2015-04-30
2015-03-04,Mobile,Female,116,22,5,1,18.97,22.73,20.0,0.86,94,17,4,2015-01-01,2015-04-30
2015-03-04,Mobile,Male,102,23,5,0,22.55,21.74,0.0,0.0,79,18,5,2015-01-01,2015-04-30
2015-03-05,Desktop,Female,236,115,5,0,48.73,4.35,0.0,0.0,121,110,5,2015-01-01,2015-04-30
2015-03-05,Desktop,Male,236,110,5,0,46.61,4.55,0.0,0.0,126,105,5,2015-01-01,2015-04-30
2015-03-05,Mobile,Female,115,22,6,0,19.13,27.27,0.0,0.0,93,16,6,2015-01-01,2015-04-30
2015-03-05,Mobile,Male,124,21,3,0,16.94,14.29,0.0,0.0,103,18,3,2015-01-01,2015-04-30
2015-03-06,Desktop,Female,240,114,6,0,47.5,5.26,0.0,0.0,126,108,6,2015-01-01,2015-04-30
2015-03-06,Desktop,Male,228,107,8,0,46.93,7.48,0.0,0.0,121,99,8,2015-01-01,2015-04-30
2015-03-06,Mobile,Female,115,23,1,0,20.0,4.35,0.0,0.0,92,22,1,2015-01-01,2015-04-30
2015-03-06,Mobile,Male,151,31,7,2,20.53,22.58,28.57,1.32,120,24,5,2015-01-01,2015-04-30
2015-03-07,Desktop,Female,260,125,9,0,48.08,7.2,0.0,0.0,135,116,9,2015-01-01,2015-04-30
2015-03-07,Desktop,Male,234,122,4,0,52.14,3.28,0.0,0.0,112,118,4,2015-01-01,2015-04-30
2015-03-07,Mobile,Female,120,30,10,2,25.0,33.33,20.0,1.67,90,20,8,2015-01-01,2015-04-30
2015-03-07,Mobile,Male,113,21,7,0,18.58,33.33,0.0,0.0,92,14,7,2015-01-01,2015-04-30
2015-03-08,Desktop,Female,231,101,6,0,43.72,5.94,0.0,0.0,130,95,6,2015-01-01,2015-04-30
2015-03-08,Desktop,Male,264,136,5,0,51.52,3.68,0.0,0.0,128,131,5,2015-01-01,2015-04-30
2015-03-08,Mobile,Female,141,23,4,1,16.31,17.39,25.0,0.71,118,19,3,2015-01-01,2015-04-30
2015-03-08,Mobile,Male,110,28,8,0,25.45,28.57,0.0,0.0,82,20,8,2015-01-01,2015-04-30
2015-03-09,Desktop,Female,225,124,8,0,55.11,6.45,0.0,0.0,101,116,8,2015-01-01,2015-04-30
2015-03-09,Desktop,Male,270,132,2,0,48.89,1.52,0.0,0.0,138,130,2,2015-01-01,2015-04-30
2015-03-09,Mobile,Female,116,29,4,1,25.0,13.79,25.0,0.86,87,25,3,2015-01-01,2015-04-30
2015-03-09,Mobile,Male,132,32,6,0,24.24,18.75,0.0,0.0,100,26,6,2015-01-01,2015-04-30
2015-03-10,Desktop,Female,253,119,5,0,47.04,4.2,0.0,0.0,134,114,5,2015-01-01,2015-04-30
2015-03-10,Desktop,Male,252,117,4,0,46.43,3.42,0.0,0.0,135,113,4,2015-01-01,2015-04-30
2015-03-10,Mobile,Female,130,28,5,0,21.54,17.86,0.0,0.0,102,23,5,2015-01-01,2015-04-30
2015-03-10,Mobile,Male,116,19,3,0,16.38,15.79,0.0,0.0,97,16,3,2015-01-01,2015-04-30
2015-03-11,Desktop,Female,220,110,11,0,50.0,10.0,0.0,0.0,110,99,11,2015-01-01,2015-04-30
2015-03-11,Desktop,Male,251,123,6,0,49.0,4.88,0.0,0.0,128,117,6,2015-01-01,2015-04-30
2015-03-11,Mobile,Female,125,24,9,1,19.2,37.5,11.11,0.8,101,15,8,2015-01-01,2015-04-30
2015-03-11,Mobile,Male,137,27,9,0,19.71,33.33,0.0,0.0,110,18,9,2015-01-01,2015-04-30
2015-03-12,Desktop,Female,265,132,4,0,49.81,3.03,0.0,0.0,133,128,4,2015-01-01,2015-04-30
2015-03-12,Desktop,Male,236,121,5,0,51.27,4.13,0.0,0.0,115,116,5,2015-01-01,2015-04-30
2015-03-12,Mobile,Female,110,24,6,2,21.82,25.0,33.33,1.82,86,18,4,2015-01-01,2015-04-30
2015-03-12,Mobile,Male,94,18,3,1,19.15,16.67,33.33,1.06,76,15,2,2015-01-01,2015-04-30
2015-03-13,Desktop,Female,211,100,6,0,47.39,6.0,0.0,0.0,111,94,6,2015-01-01,2015-04-30
2015-03-13,Desktop,Male,281,121,6,0,43.06,4.96,0.0,0.0,160,115,6,2015-01-01,2015-04-30
2015-03-13,Mobile,Female,132,30,9,1,22.73,30.0,11.11,0.76,102,21,8,2015-01-01,2015-04-30
2015-03-13,Mobile,Male,117,24,7,0,20.51,29.17,0.0,0.0,93,17,7,2015-01-01,2015-04-30
2015-03-14,Desktop,Female,261,148,3,0,56.7,2.03,0.0,0.0,113,145,3,2015-01-01,2015-04-30
2015-03-14,Desktop,Male,206,92,3,0,44.66,3.26,0.0,0.0,114,89,3,2015-01-01,2015-04-30
2015-03-14,Mobile,Female,115,17,6,0,14.78,35.29,0.0,0.0,98,11,6,2015-01-01,2015-04-30
2015-03-14,Mobile,Male,124,31,8,1,25.0,25.81,12.5,0.81,93,23,7,2015-01-01,2015-04-30
2015-03-15,Desktop,Female,244,121,9,1,49.59,7.44,11.11,0.41,123,112,8,2015-01-01,2015-04-30
2015-03-15,Desktop,Male,229,116,7,0,50.66,6.03,0.0,0.0,113,109,7,2015-01-01,2015-04-30
2015-03-15,Mobile,Female,133,22,7,2,16.54,31.82,28.57,1.5,111,15,5,2015-01-01,2015-04-30
2015-03-15,Mobile,Male,114,28,5,0,24.56,17.86,0.0,0.0,86,23,5,2015-01-01,2015-04-30
2015-03-16,Desktop,Female,240,113,3,0,47.08,2.65,0.0,0.0,127,110,3,2015-01-01,2015-04-30
2015-03-16,Desktop,Male,255,131,3,0,51.37,2.29,0.0,0.0,124,128,3,2015-01-01,2015-04-30
2015-03-16,Mobile,Female,115,25,4,0,21.74,16.0,0.0,0.0,90,21,4,2015-01-01,2015-04-30
2015-03-16,Mobile,Male,119,29,7,2,24.37,24.14,28.57,1.68,90,22,5,2015-01-01,2015-04-30
2015-03-17,Desktop,Female,238,129,6,0,54.2,4.65,0.0,0.0,109,123,6,2015-01-01,2015-04-30
2015-03-17,Desktop,Male,257,131,4,0,50.97,3.05,0.0,0.0,126,127,4,2015-01-01,2015-04-30
2015-03-17,Mobile,Female,123,24,7,0,19.51,29.17,0.0,0.0,99,17,7,2015-01-01,2015-04-30
2015-03-17,Mobile,Male,134,23,6,0,17.16,26.09,0.0,0.0,111,17,6,2015-01-01,2015-04-30
2015-03-18,Desktop,Female,236,117,5,0,49.58,4.27,0.0,0.0,119,112,5,2015-01-01,2015-04-30
2015-03-18,Desktop,Male,223,105,6,1,47.09,5.71,16.67,0.45,118,99,5,2015-01-01,2015-04-30
2015-03-18,Mobile,Female,121,19,4,0,15.7,21.05,0.0,0.0,102,15,4,2015-01-01,2015-04-30
2015-03-18,Mobile,Male,122,23,3,0,18.85,13.04,0.0,0.0,99,20,3,2015-01-01,2015-04-30
2015-03-19,Desktop,Female,236,126,6,1,53.39,4.76,16.67,0.42,110,120,5,2015-01-01,2015-04-30
2015-03-19,Desktop,Male,224,107,3,0,47.77,2.8,0.0,0.0,117,104,3,2015-01-01,2015-04-30
2015-03-19,Mobile,Female,110,22,4,1,20.0,18.18,25.0,0.91,88,18,3,2015-01-01,2015-04-30
2015-03-19,Mobile,Male,114,17,4,1,14.91,23.53,25.0,0.88,97,13,3,2015-01-01,2015-04-30
2015-03-20,Desktop,Female,261,123,6,1,47.13,4.88,16.67,0.38,138,117,5,2015-01-01,2015-04-30
2015-03-20,Desktop,Male,255,120,4,0,47.06,3.33,0.0,0.0,135,116,4,2015-01-01,2015-04-30
2015-03-20,Mobile,Female,117,33,7,2,28.21,21.21,28.57,1.71,84,26,5,2015-01-01,2015-04-30
2015-03-20,Mobile,Male,119,24,5,0,20.17,20.83,0.0,0.0,95,19,5,2015-01-01,2015-04-30
2015-03-21,Desktop,Female,230,122,5,0,53.04,4.1,0.0,0.0,108,117,5,2015-01-01,2015-04-30
2015-03-21,Desktop,Male,232,118,4,0,50.86,3.39,0.0,0.0,114,114,4,2015-01-01,2015-04-30
2015-03-21,Mobile,Female,117,19,2,0,16.24,10.53,0.0,0.0,98,17,2,2015-01-01,2015-04-30
2015-03-21,Mobile,Male,119,21,3,0,17.65,14.29,0.0,0.0,98,18,3,2015-01-01,2015-04-30
2015-03-22,Desktop,Female,259,131,4,0,50.58,3.05,0.0,0.0,128,127,4,2015-01-01,2015-04-30
2015-03-22,Desktop,Male,255,127,5,0,49.8,3.94,0.0,0.0,128,122,5,2015-01-01,2015-04-30
2015-03-22,Mobile,Female,105,20,4,0,19.05,20.0,0.0,0.0,85,16,4,2015-01-01,2015-04-30
2015-03-22,Mobile,Male,120,30,3,0,25.0,10.0,0.0,0.0,90,27,3,2015-01-01,2015-04-30
2015-03-23,Desktop,Female,258,121,4,0,46.9,3.31,0.0,0.0,137,117,4,2015-01-01,2015-04-30
2015-03-23,Desktop,Male,249,124,4,1,49.8,3.23,25.0,0.4,125,120,3,2015-01-01,2015-04-30
2015-03-23,Mobile,Female,125,24,4,0,19.2,16.67,0.0,0.0,101,20,4,2015-01-01,2015-04-30
2015-03-23,Mobile,Male,137,30,5,0,21.9,16.67,0.0,0.0,107,25,5,2015-01-01,2015-04-30
2015-03-24,Desktop,Female,257,124,4,0,48.25,3.23,0.0,0.0,133,120,4,2015-01-01,2015-04-30
2015-03-24,Desktop,Male,232,117,2,1,50.43,1.71,50.0,0.43,115,115,1,2015-01-01,2015-04-30
2015-03-24,Mobile,Female,112,24,8,1,21.43,33.33,12.5,0.89,88,16,7,2015-01-01,2015-04-30
2015-03-24,Mobile,Male,123,16,2,0,13.01,12.5,0.0,0.0,107,14,2,2015-01-01,2015-04-30
2015-03-25,Desktop,Female,238,130,4,0,54.62,3.08,0.0,0.0,108,126,4,2015-01-01,2015-04-30
2015-03-25,Desktop,Male,262,134,6,0,51.15,4.48,0.0,0.0,128,128,6,2015-01-01,2015-04-30
2015-03-25,Mobile,Female,116,20,6,0,17.24,30.0,0.0,0.0,96,14,6,2015-01-01,2015-04-30
2015-03-25,Mobile,Male,139,29,7,0,20.86,24.14,0.0,0.0,110,22,7,2015-01-01,2015-04-30
2015-03-26,Desktop,Female,215,110,6,0,51.16,5.45,0.0,0.0,105,104,6,2015-01-01,2015-04-30
2015-03-26,Desktop,Male,236,116,4,0,49.15,3.45,0.0,0.0,120,112,4,2015-01-01,2015-04-30
2015-03-26,Mobile,Female,145,27,8,1,18.62,29.63,12.5,0.69,118,19,7,2015-01-01,2015-04-30
2015-03-26,Mobile,Male,136,30,5,0,22.06,16.67,0.0,0.0,106,25,5,2015-01-01,2015-04-30
2015-03-27,Desktop,Female,243,121,7,0,49.79,5.79,0.0,0.0,122,114,7,2015-01-01,2015-04-30
2015-03-27,Desktop,Male,215,106,2,1,49.3,1.89,50.0,0.47,109,104,1,2015-01-01,2015-04-30
2015-03-27,Mobile,Female,117,20,2,0,17.09,10.0,0.0,0.0,97,18,2,2015-01-01,2015-04-30
2015-03-27,Mobile,Male,118,18,4,1,15.25,22.22,25.0,0.85,100,14,3,2015-01-01,2015-04-30
2015-03-28,Desktop,Female,220,105,2,0,47.73,1.9,0.0,0.0,115,103,2,2015-01-01,2015-04-30
2015-03-28,Desktop,Male,248,118,3,0,47.58,2.54,0.0,0.0,130,115,3,2015-01-01,2015-04-30
2015-03-28,Mobile,Female,124,26,2,0,20.97,7.69,0.0,0.0,98,24,2,2015-01-01,2015-04-30
2015-03-28,Mobile,Male,136,25,6,1,18.38,24.0,16.67,0.74,111,19,5,2015-01-01,2015-04-30
2015-03-29,Desktop,Female,222,101,1,0,45.5,0.99,0.0,0.0,121,100,1,2015-01-01,2015-04-30
2015-03-29,Desktop,Male,260,116,2,0,44.62,1.72,0.0,0.0,144,114,2,2015-01-01,2015-04-30
2015-03-29,Mobile,Female,116,23,10,1,19.83,43.48,10.0,0.86,93,13,9,2015-01-01,2015-04-30
2015-03-29,Mobile,Male,128,23,3,0,17.97,13.04,0.0,0.0,105,20,3,2015-01-01,2015-04-30
2015-03-30,Desktop,Female,285,132,4,0,46.32,3.03,0.0,0.0,153,128,4,2015-01-01,2015-04-30
2015-03-30,Desktop,Male,257,129,1,0,50.19,0.78,0.0,0.0,128,128,1,2015-01-01,2015-04-30
2015-03-30,Mobile,Female,107,26,6,1,24.3,23.08,16.67,0.93,81,20,5,2015-01-01,2015-04-30
2015-03-30,Mobile,Male,128,24,4,0,18.75,16.67,0.0,0.0,104,20,4,2015-01-01,2015-04-30
2015-03-31,Desktop,Female,260,121,3,0,46.54,2.48,0.0,0.0,139,118,3,2015-01-01,2015-04-30
2015-03-31,Desktop,Male,231,111,5,1,48.05,4.5,20.0,0.43,120,106,4,2015-01-01,2015-04-30
2015-03-31,Mobile,Female,118,21,10,1,17.8,47.62,10.0,0.85,97,11,9,2015-01-01,2015-04-30
2015-03-31,Mobile,Male,114,23,9,0,20.18,39.13,0.0,0.0,91,14,9,2015-01-01,2015-04-30
2015-04-01,Desktop,Female,248,108,7,0,43.55,6.48,0.0,0.0,140,101,7,2015-01-01,2015-04-30
2015-04-01,Desktop,Male,268,125,9,0,46.64,7.2,0.0,0.0,143,116,9,2015-01-01,2015-04-30
2015-04-01,Mobile,Female,107,22,4,0,20.56,18.18,0.0,0.0,85,18,4,2015-01-01,2015-04-30
2015-04-01,Mobile,Male,146,30,7,2,20.55,23.33,28.57,1.37,116,23,5,2015-01-01,2015-04-30
2015-04-02,Desktop,Female,242,104,1,0,42.98,0.96,0.0,0.0,138,103,1,2015-01-01,2015-04-30
2015-04-02,Desktop,Male,245,119,4,1,48.57,3.36,25.0,0.41,126,115,3,2015-01-01,2015-04-30
2015-04-02,Mobile,Female,115,20,3,0,17.39,15.0,0.0,0.0,95,17,3,2015-01-01,2015-04-30
2015-04-02,Mobile,Male,133,25,5,0,18.8,20.0,0.0,0.0,108,20,5,2015-01-01,2015-04-30
2015-04-03,Desktop,Female,264,131,8,0,49.62,6.11,0.0,0.0,133,123,8,2015-01-01,2015-04-30
2015-04-03,Desktop,Male,258,120,3,1,46.51,2.5,33.33,0.39,138,117,2,2015-01-01,2015-04-30
2015-04-03,Mobile,Female,133,26,5,1,19.55,19.23,20.0,0.75,107,21,4,2015-01-01,2015-04-30
2015-04-03,Mobile,Male,127,28,4,1,22.05,14.29,25.0,0.79,99,24,3,2015-01-01,2015-04-30
2015-04-04,Desktop,Female,239,118,3,0,49.37,2.54,0.0,0.0,121,115,3,2015-01-01,2015-04-30
2015-04-04,Desktop,Male,272,139,12,0,51.1,8.63,0.0,0.0,133,127,12,2015-01-01,2015-04-30
2015-04-04,Mobile,Female,127,28,7,2,22.05,25.0,28.57,1.57,99,21,5,2015-01-01,2015-04-30
2015-04-04,Mobile,Male,137,32,5,1,23.36,15.63,20.0,0.73,105,27,4,2015-01-01,2015-04-30
2015-04-05,Desktop,Female,243,122,6,1,50.21,4.92,16.67,0.41,121,116,5,2015-01-01,2015-04-30
2015-04-05,Desktop,Male,247,124,3,1,50.2,2.42,33.33,0.4,123,121,2,2015-01-01,2015-04-30
2015-04-05,Mobile,Female,118,25,4,1,21.19,16.0,25.0,0.85,93,21,3,2015-01-01,2015-04-30
2015-04-05,Mobile,Male,114,24,7,0,21.05,29.17,0.0,0.0,90,17,7,2015-01-01,2015-04-30
2015-04-06,Desktop,Female,254,125,2,0,49.21,1.6,0.0,0.0,129,123,2,2015-01-01,2015-04-30
2015-04-06,Desktop,Male,254,138,5,0,54.33,3.62,0.0,0.0,116,133,5,2015-01-01,2015-04-30
2015-04-06,Mobile,Female,124,29,3,1,23.39,10.34,33.33,0.81,95,26,2,2015-01-01,2015-04-30
2015-04-06,Mobile,Male,128,25,7,2,19.53,28.0,28.57,1.56,103,18,5,2015-01-01,2015-04-30
2015-04-07,Desktop,Female,256,126,6,2,49.22,4.76,33.33,0.78,130,120,4,2015-01-01,2015-04-30
2015-04-07,Desktop,Male,237,118,4,0,49.79,3.39,0.0,0.0,119,114,4,2015-01-01,2015-04-30
2015-04-07,Mobile,Female,142,33,9,0,23.24,27.27,0.0,0.0,109,24,9,2015-01-01,2015-04-30
2015-04-07,Mobile,Male,134,24,5,0,17.91,20.83,0.0,0.0,110,19,5,2015-01-01,2015-04-30
2015-04-08,Desktop,Female,267,129,6,0,48.31,4.65,0.0,0.0,138,123,6,2015-01-01,2015-04-30
2015-04-08,Desktop,Male,261,130,3,0,49.81,2.31,0.0,0.0,131,127,3,2015-01-01,2015-04-30
2015-04-08,Mobile,Female,154,35,6,1,22.73,17.14,16.67,0.65,119,29,5,2015-01-01,2015-04-30
2015-04-08,Mobile,Male,124,23,7,0,18.55,30.43,0.0,0.0,101,16,7,2015-01-01,2015-04-30
2015-04-09,Desktop,Female,245,121,5,3,49.39,4.13,60.0,1.22,124,116,2,2015-01-01,2015-04-30
2015-04-09,Desktop,Male,242,120,2,1,49.59,1.67,50.0,0.41,122,118,1,2015-01-01,2015-04-30
2015-04-09,Mobile,Female,122,22,7,0,18.03,31.82,0.0,0.0,100,15,7,2015-01-01,2015-04-30
2015-04-09,Mobile,Male,128,28,8,1,21.88,28.57,12.5,0.78,100,20,7,2015-01-01,2015-04-30
2015-04-10,Desktop,Female,248,128,6,0,51.61,4.69,0.0,0.0,120,122,6,2015-01-01,2015-04-30
2015-04-10,Desktop,Male,265,141,7,0,53.21,4.96,0.0,0.0,124,134,7,2015-01-01,2015-04-30
2015-04-10,Mobile,Female,117,30,1,0,25.64,3.33,0.0,0.0,87,29,1,2015-01-01,2015-04-30
2015-04-10,Mobile,Male,127,32,0,0,25.2,0.0,,0.0,95,32,0,2015-01-01,2015-04-30
2015-04-11,Desktop,Female,228,110,6,0,48.25,5.45,0.0,0.0,118,104,6,2015-01-01,2015-04-30
2015-04-11,Desktop,Male,270,128,2,1,47.41,1.56,50.0,0.37,142,126,1,2015-01-01,2015-04-30
2015-04-11,Mobile,Female,127,35,4,0,27.56,11.43,0.0,0.0,92,31,4,2015-01-01,2015-04-30
2015-04-11,Mobile,Male,120,22,5,0,18.33,22.73,0.0,0.0,98,17,5,2015-01-01,2015-04-30
2015-04-12,Desktop,Female,250,117,5,0,46.8,4.27,0.0,0.0,133,112,5,2015-01-01,2015-04-30
2015-04-12,Desktop,Male,206,96,8,1,46.6,8.33,12.5,0.49,110,88,7,2015-01-01,2015-04-30
2015-04-12,Mobile,Female,122,23,4,0,18.85,17.39,0.0,0.0,99,19,4,2015-01-01,2015-04-30
2015-04-12,Mobile,Male,126,28,5,1,22.22,17.86,20.0,0.79,98,23,4,2015-01-01,2015-04-30
2015-04-13,Desktop,Female,243,136,3,0,55.97,2.21,0.0,0.0,107,133,3,2015-01-01,2015-04-30
2015-04-13,Desktop,Male,242,128,7,0,52.89,5.47,0.0,0.0,114,121,7,2015-01-01,2015-04-30
2015-04-13,Mobile,Female,114,23,10,1,20.18,43.48,10.0,0.88,91,13,9,2015-01-01,2015-04-30
2015-04-13,Mobile,Male,133,26,7,0,19.55,26.92,0.0,0.0,107,19,7,2015-01-01,2015-04-30
2015-04-14,Desktop,Female,242,125,7,0,51.65,5.6,0.0,0.0,117,118,7,2015-01-01,2015-04-30
2015-04-14,Desktop,Male,224,112,4,0,50.0,3.57,0.0,0.0,112,108,4,2015-01-01,2015-04-30
2015-04-14,Mobile,Female,116,24,4,0,20.69,16.67,0.0,0.0,92,20,4,2015-01-01,2015-04-30
2015-04-14,Mobile,Male,117,24,4,1,20.51,16.67,25.0,0.85,93,20,3,2015-01-01,2015-04-30
2015-04-15,Desktop,Female,242,120,3,0,49.59,2.5,0.0,0.0,122,117,3,2015-01-01,2015-04-30
2015-04-15,Desktop,Male,276,154,13,0,55.8,8.44,0.0,0.0,122,141,13,2015-01-01,2015-04-30
2015-04-15,Mobile,Female,130,26,6,1,20.0,23.08,16.67,0.77,104,20,5,2015-01-01,2015-04-30
2015-04-15,Mobile,Male,127,26,2,0,20.47,7.69,0.0,0.0,101,24,2,2015-01-01,2015-04-30
2015-04-16,Desktop,Female,250,136,4,0,54.4,2.94,0.0,0.0,114,132,4,2015-01-01,2015-04-30
2015-04-16,Desktop,Male,244,119,5,0,48.77,4.2,0.0,0.0,125,114,5,2015-01-01,2015-04-30
2015-04-16,Mobile,Female,113,22,7,0,19.47,31.82,0.0,0.0,91,15,7,2015-01-01,2015-04-30
2015-04-16,Mobile,Male,122,14,2,0,11.48,14.29,0.0,0.0,108,12,2,2015-01-01,2015-04-30
2015-04-17,Desktop,Female,271,136,5,0,50.18,3.68,0.0,0.0,135,131,5,2015-01-01,2015-04-30
2015-04-17,Desktop,Male,238,134,6,1,56.3,4.48,16.67,0.42,104,128,5,2015-01-01,2015-04-30
2015-04-17,Mobile,Female,117,20,5,0,17.09,25.0,0.0,0.0,97,15,5,2015-01-01,2015-04-30
2015-04-17,Mobile,Male,130,21,5,0,16.15,23.81,0.0,0.0,109,16,5,2015-01-01,2015-04-30
2015-04-18,Desktop,Female,259,127,6,0,49.03,4.72,0.0,0.0,132,121,6,2015-01-01,2015-04-30
2015-04-18,Desktop,Male,257,121,2,0,47.08,1.65,0.0,0.0,136,119,2,2015-01-01,2015-04-30
2015-04-18,Mobile,Female,112,16,0,0,14.29,0.0,,0.0,96,16,0,2015-01-01,2015-04-30
2015-04-18,Mobile,Male,111,22,3,0,19.82,13.64,0.0,0.0,89,19,3,2015-01-01,2015-04-30
2015-04-19,Desktop,Female,259,139,4,1,53.67,2.88,25.0,0.39,120,135,3,2015-01-01,2015-04-30
2015-04-19,Desktop,Male,248,124,4,0,50.0,3.23,0.0,0.0,124,120,4,2015-01-01,2015-04-30
2015-04-19,Mobile,Female,134,28,4,0,20.9,14.29,0.0,0.0,106,24,4,2015-01-01,2015-04-30
2015-04-19,Mobile,Male,142,24,1,0,16.9,4.17,0.0,0.0,118,23,1,2015-01-01,2015-04-30
2015-04-20,Desktop,Female,230,131,6,0,56.96,4.58,0.0,0.0,99,125,6,2015-01-01,2015-04-30
2015-04-20,Desktop,Male,253,139,4,2,54.94,2.88,50.0,0.79,114,135,2,2015-01-01,2015-04-30
2015-04-20,Mobile,Female,100,18,5,0,18.0,27.78,0.0,0.0,82,13,5,2015-01-01,2015-04-30
2015-04-20,Mobile,Male,137,27,6,0,19.71,22.22,0.0,0.0,110,21,6,2015-01-01,2015-04-30
2015-04-21,Desktop,Female,273,120,3,1,43.96,2.5,33.33,0.37,153,117,2,2015-01-01,2015-04-30
2015-04-21,Desktop,Male,248,120,10,1,48.39,8.33,10.0,0.4,128,110,9,2015-01-01,2015-04-30
2015-04-21,Mobile,Female,112,24,3,0,21.43,12.5,0.0,0.0,88,21,3,2015-01-01,2015-04-30
2015-04-21,Mobile,Male,121,23,4,1,19.01,17.39,25.0,0.83,98,19,3,2015-01-01,2015-04-30
2015-04-22,Desktop,Female,267,142,4,0,53.18,2.82,0.0,0.0,125,138,4,2015-01-01,2015-04-30
2015-04-22,Desktop,Male,245,130,4,0,53.06,3.08,0.0,0.0,115,126,4,2015-01-01,2015-04-30
2015-04-22,Mobile,Female,106,22,5,1,20.75,22.73,20.0,0.94,84,17,4,2015-01-01,2015-04-30
2015-04-22,Mobile,Male,132,32,6,1,24.24,18.75,16.67,0.76,100,26,5,2015-01-01,2015-04-30
2015-04-23,Desktop,Female,246,124,4,0,50.41,3.23,0.0,0.0,122,120,4,2015-01-01,2015-04-30
2015-04-23,Desktop,Male,277,139,8,1,50.18,5.76,12.5,0.36,138,131,7,2015-01-01,2015-04-30
2015-04-23,Mobile,Female,107,21,2,0,19.63,9.52,0.0,0.0,86,19,2,2015-01-01,2015-04-30
2015-04-23,Mobile,Male,123,26,3,0,21.14,11.54,0.0,0.0,97,23,3,2015-01-01,2015-04-30
2015-04-24,Desktop,Female,239,121,1,0,50.63,0.83,0.0,0.0,118,120,1,2015-01-01,2015-04-30
2015-04-24,Desktop,Male,244,118,3,1,48.36,2.54,33.33,0.41,126,115,2,2015-01-01,2015-04-30
2015-04-24,Mobile,Female,143,23,3,0,16.08,13.04,0.0,0.0,120,20,3,2015-01-01,2015-04-30
2015-04-24,Mobile,Male,136,21,4,1,15.44,19.05,25.0,0.74,115,17,3,2015-01-01,2015-04-30
2015-04-25,Desktop,Female,251,128,4,0,51.0,3.13,0.0,0.0,123,124,4,2015-01-01,2015-04-30
2015-04-25,Desktop,Male,268,151,9,1,56.34,5.96,11.11,0.37,117,142,8,2015-01-01,2015-04-30
2015-04-25,Mobile,Female,131,26,6,0,19.85,23.08,0.0,0.0,105,20,6,2015-01-01,2015-04-30
2015-04-25,Mobile,Male,116,19,5,0,16.38,26.32,0.0,0.0,97,14,5,2015-01-01,2015-04-30
2015-04-26,Desktop,Female,266,141,7,1,53.01,4.96,14.29,0.38,125,134,6,2015-01-01,2015-04-30
2015-04-26,Desktop,Male,263,118,6,0,44.87,5.08,0.0,0.0,145,112,6,2015-01-01,2015-04-30
2015-04-26,Mobile,Female,129,24,7,0,18.6,29.17,0.0,0.0,105,17,7,2015-01-01,2015-04-30
2015-04-26,Mobile,Male,134,24,5,0,17.91,20.83,0.0,0.0,110,19,5,2015-01-01,2015-04-30
2015-04-27,Desktop,Female,259,118,4,0,45.56,3.39,0.0,0.0,141,114,4,2015-01-01,2015-04-30
2015-04-27,Desktop,Male,250,138,6,0,55.2,4.35,0.0,0.0,112,132,6,2015-01-01,2015-04-30
2015-04-27,Mobile,Female,140,28,5,1,20.0,17.86,20.0,0.71,112,23,4,2015-01-01,2015-04-30
2015-04-27,Mobile,Male,130,27,11,0,20.77,40.74,0.0,0.0,103,16,11,2015-01-01,2015-04-30
2015-04-28,Desktop,Female,239,126,5,0,52.72,3.97,0.0,0.0,113,121,5,2015-01-01,2015-04-30
2015-04-28,Desktop,Male,237,124,4,0,52.32,3.23,0.0,0.0,113,120,4,2015-01-01,2015-04-30
2015-04-28,Mobile,Female,127,27,9,1,21.26,33.33,11.11,0.79,100,18,8,2015-01-01,2015-04-30
2015-04-28,Mobile,Male,133,27,7,0,20.3,25.93,0.0,0.0,106,20,7,2015-01-01,2015-04-30
2015-04-29,Desktop,Female,218,101,1,0,46.33,0.99,0.0,0.0,117,100,1,2015-01-01,2015-04-30
2015-04-29,Desktop,Male,235,118,3,0,50.21,2.54,0.0,0.0,117,115,3,2015-01-01,2015-04-30
2015-04-29,Mobile,Female,142,25,3,0,17.61,12.0,0.0,0.0,117,22,3,2015-01-01,2015-04-30
2015-04-29,Mobile,Male,118,27,3,0,22.88,11.11,0.0,0.0,91,24,3,2015-01-01,2015-04-30
2015-04-30,Desktop,Female,253,123,6,0,48.62,4.88,0.0,0.0,130,117,6,2015-01-01,2015-04-30
2015-04-30,Desktop,Male,285,151,4,0,52.98,2.65,0.0,0.0,134,147,4,2015-01-01,2015-04-30
2015-04-30,Mobile,Female,140,31,6,0,22.14,19.35,0.0,0.0,109,25,6,2015-01-01,2015-04-30
2015-04-30,Mobile,Male,123,24,5,1,19.51,20.83,20.0,0.81,99,19,4,2015-01-01,2015-04-30
